day,temperature_c,sales
1,14.8,126
2,15.0,141
3,15.1,108
4,16.1,133
5,15.1,132
6,16.1,154
7,17.1,144
8,14.4,111
9,16.5,159
10,16.2,136
11,17.3,122
12,15.7,142
13,18.2,146
14,17.3,148
15,18.2,133
16,17.9,125
17,11.6,101
18,15.2,144
19,18.4,132
20,18.9,138
21,17.2,139
22,17.7,158
23,18.8,158
24,19.0,161
25,16.5,128
26,16.9,149
27,17.5,180
28,16.5,122
29,19.8,180
30,19.3,169
31,21.3,166
32,15.7,126
33,20.6,142
34,18.8,157
35,18.3,160
36,20.2,196
37,20.4,153
38,18.1,136
39,21.2,159
40,19.3,167
41,18.1,144
42,16.0,120
43,18.6,158
44,22.3,173
45,20.5,166
46,22.3,187
47,20.8,149
48,22.1,179
49,22.9,177
50,24.5,181
51,23.9,185
52,19.7,142
53,20.6,185
54,22.6,186
55,16.4,149
56,22.3,166
57,20.1,160
58,24.9,174
59,20.7,185
60,20.8,159
61,22.0,153
62,22.3,156
63,23.8,183
64,26.7,204
65,25.0,170
66,22.1,177
67,25.9,170
68,24.5,196
69,25.7,205
70,22.9,169
71,20.4,165
72,22.6,206
73,21.9,176
74,20.1,155
75,23.9,195
76,26.3,197
77,21.3,175
78,24.7,196
79,22.4,191
80,24.1,195
81,26.5,208
82,24.7,220
83,24.7,184
84,24.6,210
85,24.7,196
86,26.9,194
87,21.2,172
88,25.2,182
89,26.6,209
90,23.0,186
